{"v":"4.8.0","meta":{"g":"LottieFiles AE ","a":"","k":"","d":"","tc":""},"fr":24,"ip":0,"op":120,"w":396,"h":340,"nm":"illus-onboading-tax-generalai","ddd":0,"assets":[{"id":"comp_0","layers":[{"ddd":0,"ind":1,"ty":4,"nm":"ch-4 Outlines","sr":1,"ks":{"o":{"a":0,"k":100,"ix":11},"r":{"a":1,"k":[{"i":{"x":[0.833],"y":[0.833]},"o":{"x":[0.167],"y":[0.167]},"t":20,"s":[18]},{"i":{"x":[0.833],"y":[0.833]},"o":{"x":[0.167],"y":[0.167]},"t":29,"s":[18]},{"i":{"x":[0.833],"y":[0.833]},"o":{"x":[0.167],"y":[0.167]},"t":32,"s":[-5]},{"i":{"x":[0.833],"y":[0.833]},"o":{"x":[0.167],"y":[0.167]},"t":76,"s":[-5]},{"i":{"x":[0.833],"y":[0.833]},"o":{"x":[0.167],"y":[0.167]},"t":84,"s":[-16]},{"i":{"x":[0.833],"y":[0.833]},"o":{"x":[0.167],"y":[0.167]},"t":112,"s":[-16]},{"t":116,"s":[0]}],"ix":10},"p":{"a":0,"k":[264.535,144.517,0],"ix":2},"a":{"a":0,"k":[12.145,29.675,0],"ix":1},"s":{"a":0,"k":[100,100,100],"ix":6}},"ao":0,"shapes":[{"ind":0,"ty":"sh","ix":1,"ks":{"a":0,"k":{"i":[[-3.97,-2.53],[0,0],[-1.43,-0.67],[-0.42,-0.27],[-0.14,-0.45],[0.14,-2.45],[-4.18,-3.13],[-1.83,-0.08],[-0.04,-1.73],[-0.86,-1.56],[-2.72,1.17],[-0.86,0.11],[-1.23,-0.51],[-1.53,1.25],[2.33,3.88],[0.9,1.49],[1.39,4.54],[1.78,1.12],[1.33,2.02],[1.11,3.03],[2.19,0.81],[4.42,-3.01]],"o":[[0,0],[-0.02,1.58],[0.48,0.15],[0.34,0.34],[0.87,2.29],[-0.24,4.24],[1.54,0.99],[-0.2,1.72],[-0.08,1.78],[1.66,2.53],[0.75,-0.43],[1.34,0],[1.87,0.66],[3.48,-2.88],[-0.96,-1.46],[-2.52,-4.16],[-0.61,-2.02],[-2.03,-1.26],[-1.77,-2.68],[-0.83,-2.25],[-5.03,-1.8],[-3.58,2.46]],"v":[[4.22,15.14],[5.53,12.71],[7.85,16.41],[9.2,17.05],[9.93,18.26],[11.04,25.45],[12.08,40.78],[17.22,42.42],[16.98,47.6],[18.18,52.71],[26.15,54.63],[28.6,53.81],[32.22,55.44],[37.7,54.48],[39.71,42.72],[36.5,38.62],[35.33,24.66],[31.61,19.8],[25.61,16.04],[24.29,6.54],[19.11,2.05],[4.07,3.97]],"c":true},"ix":2},"nm":"Path 1","mn":"ADBE Vector Shape - Group","hd":false},{"ty":"mm","mm":4,"nm":"Merge Paths 1","mn":"ADBE Vector Filter - Merge","hd":false},{"ty":"fl","c":{"a":0,"k":[0.278431372549,0.247058838489,0.278431372549,1],"ix":4},"o":{"a":0,"k":100,"ix":5},"r":1,"bm":0,"nm":"Fill 1","mn":"ADBE Vector Graphic - Fill","hd":false},{"ty":"gr","it":[{"ind":0,"ty":"sh","ix":1,"ks":{"a":0,"k":{"i":[[-1.04,-0.51],[1.76,0.11],[-0.05,0.8]],"o":[[0,0],[0,0],[1.11,-0.34]],"v":[[1.705,-0.06],[-0.215,0.56],[-1.655,-0.33]],"c":true},"ix":2},"nm":"Path 1","mn":"ADBE Vector Shape - Group","hd":false},{"ty":"mm","mm":4,"nm":"Merge Paths 1","mn":"ADBE Vector Filter - Merge","hd":false},{"ty":"fl","c":{"a":0,"k":[0.988235353956,0.741176470588,0.729411764706,1],"ix":4},"o":{"a":0,"k":100,"ix":5},"r":1,"bm":0,"nm":"Fill 1","mn":"ADBE Vector Graphic - Fill","hd":false},{"ty":"tr","p":{"a":0,"k":[7.805,22.4],"ix":2},"a":{"a":0,"k":[0,0],"ix":1},"s":{"a":0,"k":[100,100],"ix":3},"r":{"a":0,"k":0,"ix":6},"o":{"a":0,"k":100,"ix":7},"sk":{"a":0,"k":0,"ix":4},"sa":{"a":0,"k":0,"ix":5},"nm":"Transform"}],"nm":"Group 2","np":3,"cix":2,"bm":0,"ix":4,"mn":"ADBE Vector Group","hd":false},{"ty":"gr","it":[{"ind":0,"ty":"sh","ix":1,"ks":{"a":0,"k":{"i":[[-0.08,-0.07],[-0.07,-0.04],[-0.23,0.02],[-0.86,0.34],[-1.15,0.78],[-0.3,1.41],[0.08,1.29],[1.03,1.56],[1.54,0.09],[1.7,-1.62],[0.22,-0.65],[-0.14,-1.29],[0.11,-1.04],[-0.03,-0.19],[-0.24,-0.19],[-1.13,-1.51]],"o":[[0.06,0.06],[0.21,0.11],[0.93,-0.02],[1.33,-0.38],[1.15,-0.87],[0.16,-1.28],[0,-1.78],[-0.96,-1.41],[-2.15,-0.13],[-0.49,0.48],[-0.31,1.26],[0,1.05],[-0.03,0.19],[0.11,0.29],[1.27,1.38],[0.06,0.1]],"v":[[-3.27,8.28],[-3.07,8.44],[-2.4,8.59],[0.31,8.05],[4.05,6.31],[6.3,2.77],[6.43,-1.08],[5.64,-6.63],[1.42,-8.48],[-5.14,-6.97],[-6.22,-5.25],[-6.47,-1.4],[-6.64,1.73],[-6.64,2.31],[-6.11,3.04],[-3.49,8.04]],"c":true},"ix":2},"nm":"Path 1","mn":"ADBE Vector Shape - Group","hd":false},{"ty":"mm","mm":4,"nm":"Merge Paths 1","mn":"ADBE Vector Filter - Merge","hd":false},{"ty":"fl","c":{"a":0,"k":[0.988235353956,0.741176470588,0.729411764706,1],"ix":4},"o":{"a":0,"k":100,"ix":5},"r":1,"bm":0,"nm":"Fill 1","mn":"ADBE Vector Graphic - Fill","hd":false},{"ty":"tr","p":{"a":0,"k":[10.99,17.64],"ix":2},"a":{"a":0,"k":[0,0],"ix":1},"s":{"a":0,"k":[100,100],"ix":3},"r":{"a":0,"k":0,"ix":6},"o":{"a":0,"k":100,"ix":7},"sk":{"a":0,"k":0,"ix":4},"sa":{"a":0,"k":0,"ix":5},"nm":"Transform"}],"nm":"Group 4","np":3,"cix":2,"bm":0,"ix":5,"mn":"ADBE Vector Group","hd":false},{"ty":"gr","it":[{"ind":0,"ty":"sh","ix":1,"ks":{"a":0,"k":{"i":[[0,0],[0,-2.24],[-0.88,2.14]],"o":[[0,0],[4.11,-0.12],[0,0]],"v":[[-3.655,-1.555],[-3.495,3.055],[3.655,-3.055]],"c":true},"ix":2},"nm":"Path 1","mn":"ADBE Vector Shape - Group","hd":false},{"ty":"mm","mm":4,"nm":"Merge Paths 1","mn":"ADBE Vector Filter - Merge","hd":false},{"ty":"fl","c":{"a":0,"k":[0.988235353956,0.741176470588,0.729411764706,1],"ix":4},"o":{"a":0,"k":100,"ix":5},"r":1,"bm":0,"nm":"Fill 1","mn":"ADBE Vector Graphic - Fill","hd":false},{"ty":"tr","p":{"a":0,"k":[12.665,25.435],"ix":2},"a":{"a":0,"k":[0,0],"ix":1},"s":{"a":0,"k":[100,100],"ix":3},"r":{"a":0,"k":0,"ix":6},"o":{"a":0,"k":100,"ix":7},"sk":{"a":0,"k":0,"ix":4},"sa":{"a":0,"k":0,"ix":5},"nm":"Transform"}],"nm":"Group 5","np":3,"cix":2,"bm":0,"ix":6,"mn":"ADBE Vector Group","hd":false}],"ip":19,"op":139,"st":19,"bm":0},{"ddd":0,"ind":2,"ty":4,"nm":"ch-3 Outlines","sr":1,"ks":{"o":{"a":0,"k":100,"ix":11},"r":{"a":1,"k":[{"i":{"x":[0.667],"y":[1]},"o":{"x":[0.167],"y":[0]},"t":28,"s":[28]},{"i":{"x":[0.833],"y":[1]},"o":{"x":[0.333],"y":[0]},"t":31,"s":[0]},{"i":{"x":[0.833],"y":[1]},"o":{"x":[0.167],"y":[0]},"t":81,"s":[0]},{"t":90,"s":[-53]}],"ix":10},"p":{"a":0,"k":[258.61,153.597,0],"ix":2},"a":{"a":0,"k":[50.34,11.335,0],"ix":1},"s":{"a":0,"k":[100,100,100],"ix":6}},"ao":0,"shapes":[{"ty":"gr","it":[{"ind":0,"ty":"sh","ix":1,"ks":{"a":0,"k":{"i":[[4.48,0.27],[3.5,1.07],[1.65,0.29],[0.83,1.25],[1.3,0.47],[0,0],[0.11,-0.18],[0.34,0.23],[0,0],[-0.65,-0.49],[-0.32,-0.75],[1.4,0.48],[-0.63,-0.4],[-0.46,-0.55],[1.22,0.12],[-0.63,-0.22],[0,0],[1.07,-0.1],[-0.94,-0.22],[-0.77,-0.68],[-1.35,-0.24],[-0.75,-0.66],[-2.77,-1.06],[-1.4,-0.45],[-4.6,0.25],[-3.08,1.73],[0.45,3],[0.4,0.54],[0.6,0.1],[1.98,-1.05]],"o":[[-3.64,-0.29],[-1.64,-0.47],[-1.49,-0.19],[-0.77,-1.17],[0,0],[0.04,0.2],[-0.26,0.34],[0,0],[-0.06,0.82],[0.67,0.46],[-1.27,-0.76],[-0.04,0.75],[0.63,0.36],[-1.17,-0.35],[-0.28,0.62],[0,0],[-1.07,-0.02],[0.59,0.79],[0.96,0.38],[1.2,0.65],[0.92,0.39],[2.56,1.5],[1.36,0.57],[4.4,1.38],[3.53,-0.08],[2.7,-1.52],[-0.06,-0.67],[-0.42,-0.44],[-2.19,-0.45],[-3.92,2.15]],"v":[[4.22,0.065],[-6.52,-1.975],[-11.46,-3.355],[-15.12,-5.625],[-17.62,-8.875],[-17.51,-7.085],[-17.62,-6.485],[-18.74,-6.585],[-23.29,-9.585],[-22.33,-7.485],[-20.82,-5.645],[-24.84,-7.515],[-23.88,-5.655],[-22.23,-4.265],[-25.81,-4.975],[-24.69,-3.615],[-22.02,-2.715],[-25.23,-2.595],[-22.52,-1.825],[-19.9,-0.235],[-16.05,1.115],[-13.53,2.695],[-5.52,6.545],[-1.4,8.125],[12.3,9.335],[22.36,6.585],[25.64,-2.065],[24.93,-3.915],[23.37,-4.745],[17.08,-2.825]],"c":true},"ix":2},"nm":"Path 1","mn":"ADBE Vector Shape - Group","hd":false},{"ty":"mm","mm":4,"nm":"Merge Paths 1","mn":"ADBE Vector Filter - Merge","hd":false},{"ty":"fl","c":{"a":0,"k":[0.988235353956,0.741176470588,0.729411764706,1],"ix":4},"o":{"a":0,"k":100,"ix":5},"r":1,"bm":0,"nm":"Fill 1","mn":"ADBE Vector Graphic - Fill","hd":false},{"ty":"tr","p":{"a":0,"k":[26.34,9.835],"ix":2},"a":{"a":0,"k":[0,0],"ix":1},"s":{"a":0,"k":[100,100],"ix":3},"r":{"a":0,"k":0,"ix":6},"o":{"a":0,"k":100,"ix":7},"sk":{"a":0,"k":0,"ix":4},"sa":{"a":0,"k":0,"ix":5},"nm":"Transform"}],"nm":"Group 1","np":3,"cix":2,"bm":0,"ix":1,"mn":"ADBE Vector Group","hd":false}],"ip":19,"op":139,"st":19,"bm":0},{"ddd":0,"ind":3,"ty":4,"nm":"ch-1 Outlines","sr":1,"ks":{"o":{"a":0,"k":100,"ix":11},"r":{"a":0,"k":0,"ix":10},"p":{"a":0,"k":[269.07,189.512,0],"ix":2},"a":{"a":0,"k":[19.11,45.45,0],"ix":1},"s":{"a":0,"k":[100,100,100],"ix":6}},"ao":0,"shapes":[{"ty":"gr","it":[{"ind":0,"ty":"sh","ix":1,"ks":{"a":0,"k":{"i":[[1.26,0],[0.88,0.22],[0.33,0.15],[0.87,0.11],[0.36,-0.12],[0,0],[0.81,-0.39],[0.4,-0.84],[-0.24,-0.25],[-0.24,0.01],[-5.38,0.49],[-0.27,0.14],[-0.08,0.45],[1.37,-0.76]],"o":[[-0.91,-0.03],[-0.35,-0.07],[-0.78,-0.41],[-0.37,-0.03],[0,0],[-0.88,0.2],[-0.84,0.4],[-0.14,0.33],[0.19,0.16],[5.4,0.29],[0.3,0],[0.41,-0.26],[0.2,-1.24],[-1.1,0.62]],"v":[[4.235,-0.91],[1.555,-1.29],[0.525,-1.63],[-1.705,-3.02],[-2.815,-2.88],[-4.645,-2.4],[-7.185,-1.51],[-9.105,0.41],[-9.235,2.53],[-8.565,2.76],[7.625,2.46],[8.485,2.25],[9.275,-0.12],[7.835,-1.86]],"c":true},"ix":2},"nm":"Path 1","mn":"ADBE Vector Shape - Group","hd":false},{"ty":"mm","mm":4,"nm":"Merge Paths 1","mn":"ADBE Vector Filter - Merge","hd":false},{"ty":"fl","c":{"a":0,"k":[0.219607858097,0.384313755409,0.972549079446,1],"ix":4},"o":{"a":0,"k":100,"ix":5},"r":1,"bm":0,"nm":"Fill 1","mn":"ADBE Vector Graphic - Fill","hd":false},{"ty":"tr","p":{"a":0,"k":[10.705,145.6],"ix":2},"a":{"a":0,"k":[0,0],"ix":1},"s":{"a":0,"k":[100,100],"ix":3},"r":{"a":0,"k":0,"ix":6},"o":{"a":0,"k":100,"ix":7},"sk":{"a":0,"k":0,"ix":4},"sa":{"a":0,"k":0,"ix":5},"nm":"Transform"}],"nm":"Group 1","np":3,"cix":2,"bm":0,"ix":1,"mn":"ADBE Vector Group","hd":false},{"ty":"gr","it":[{"ind":0,"ty":"sh","ix":1,"ks":{"a":0,"k":{"i":[[0.15,-2.64],[0.4,-0.95],[0,0],[-0.01,-1],[7.91,1.24],[1.14,0.42],[-0.41,1.3],[-1.57,6.31],[-0.5,1.51],[-0.44,1.32],[0.11,0.65],[0.41,0.04],[0.13,-0.17],[-2.46,0.95],[-0.48,0.02],[-0.55,-0.39],[-0.57,-0.27],[-1.74,-0.26],[-0.9,0.04],[-0.5,-0.24],[-0.51,-1.04],[-1.49,-3.08]],"o":[[-0.15,2.88],[-0.96,2.37],[0.31,0.96],[0,0],[-1.2,-0.18],[-0.6,-1.23],[-0.75,-2.3],[0.37,-1.53],[0.44,-1.32],[0.29,-0.6],[-0.13,-0.39],[-0.21,-0.02],[1.01,-2.49],[0.44,-0.19],[0.67,0.09],[0.55,0.32],[1.59,0.74],[0.89,0.14],[0.57,0],[1.06,0.52],[1.51,3.08],[0.15,2.64]],"v":[[15.42,4.61],[12.07,12.22],[9.95,14.96],[10.43,17.92],[-7.72,19.35],[-11.25,18.45],[-11.54,14.52],[-14,-4.76],[-12.68,-9.31],[-11.58,-13.26],[-11.31,-15.18],[-12.19,-15.9],[-12.74,-15.65],[-6.56,-20.26],[-5.16,-20.59],[-3.31,-19.86],[-1.63,-18.98],[3.4,-17.46],[6.1,-17.3],[8.35,-17.46],[10.91,-12.57],[15.42,-3.32]],"c":true},"ix":2},"nm":"Path 1","mn":"ADBE Vector Shape - Group","hd":false},{"ty":"mm","mm":4,"nm":"Merge Paths 1","mn":"ADBE Vector Filter - Merge","hd":false},{"ty":"fl","c":{"a":0,"k":[1,1,1,1],"ix":4},"o":{"a":0,"k":100,"ix":5},"r":1,"bm":0,"nm":"Fill 1","mn":"ADBE Vector Graphic - Fill","hd":false},{"ty":"tr","p":{"a":0,"k":[16.4,20.84],"ix":2},"a":{"a":0,"k":[0,0],"ix":1},"s":{"a":0,"k":[100,100],"ix":3},"r":{"a":0,"k":0,"ix":6},"o":{"a":0,"k":100,"ix":7},"sk":{"a":0,"k":0,"ix":4},"sa":{"a":0,"k":0,"ix":5},"nm":"Transform"}],"nm":"Group 4","np":3,"cix":2,"bm":0,"ix":2,"mn":"ADBE Vector Group","hd":false},{"ty":"gr","it":[{"ind":0,"ty":"sh","ix":1,"ks":{"a":0,"k":{"i":[[0,0],[0.31,-5.21],[-0.38,-2.37],[0,0],[-1.01,0.32],[-0.94,0.79],[2.29,17.56],[0.15,10.93]],"o":[[0,0],[-0.31,5.21],[0.37,2.37],[0.94,0.48],[1.2,-0.25],[0,0],[-1.4,-10.84],[0,0]],"v":[[-6.06,-50.575],[-11.13,-30.065],[-1.65,46.335],[1.44,50.035],[4.48,50.275],[7.74,48.685],[9.15,-17.905],[6.82,-50.595]],"c":true},"ix":2},"nm":"Path 1","mn":"ADBE Vector Shape - Group","hd":false},{"ty":"mm","mm":4,"nm":"Merge Paths 1","mn":"ADBE Vector Filter - Merge","hd":false},{"ty":"fl","c":{"a":0,"k":[0.219607858097,0.384313755409,0.972549079446,1],"ix":4},"o":{"a":0,"k":100,"ix":5},"r":1,"bm":0,"nm":"Fill 1","mn":"ADBE Vector Graphic - Fill","hd":false},{"ty":"tr","p":{"a":0,"k":[11.69,88.295],"ix":2},"a":{"a":0,"k":[0,0],"ix":1},"s":{"a":0,"k":[100,100],"ix":3},"r":{"a":0,"k":0,"ix":6},"o":{"a":0,"k":100,"ix":7},"sk":{"a":0,"k":0,"ix":4},"sa":{"a":0,"k":0,"ix":5},"nm":"Transform"}],"nm":"Group 6","np":3,"cix":2,"bm":0,"ix":3,"mn":"ADBE Vector Group","hd":false},{"ty":"gr","it":[{"ind":0,"ty":"sh","ix":1,"ks":{"a":0,"k":{"i":[[-0.81,-0.23],[0,0],[0.09,0.29]],"o":[[0,0],[0,0],[0.68,0.48]],"v":[[1.12,0.54],[-0.97,-0.1],[-1.12,-0.54]],"c":true},"ix":2},"nm":"Path 1","mn":"ADBE Vector Shape - Group","hd":false},{"ty":"mm","mm":4,"nm":"Merge Paths 1","mn":"ADBE Vector Filter - Merge","hd":false},{"ty":"fl","c":{"a":0,"k":[0.988235353956,0.741176470588,0.729411764706,1],"ix":4},"o":{"a":0,"k":100,"ix":5},"r":1,"bm":0,"nm":"Fill 1","mn":"ADBE Vector Graphic - Fill","hd":false},{"ty":"tr","p":{"a":0,"k":[6.02,35.9],"ix":2},"a":{"a":0,"k":[0,0],"ix":1},"s":{"a":0,"k":[100,100],"ix":3},"r":{"a":0,"k":0,"ix":6},"o":{"a":0,"k":100,"ix":7},"sk":{"a":0,"k":0,"ix":4},"sa":{"a":0,"k":0,"ix":5},"nm":"Transform"}],"nm":"Group 7","np":3,"cix":2,"bm":0,"ix":4,"mn":"ADBE Vector Group","hd":false},{"ty":"gr","it":[{"ind":0,"ty":"sh","ix":1,"ks":{"a":0,"k":{"i":[[0,0],[1.29,-0.66],[0,0],[-2.65,0.43],[-0.78,3.57]],"o":[[0,0],[0,0],[0,0],[2.65,-0.43],[0.78,-3.57]],"v":[[7.865,-6.195],[7.635,6.195],[-8.925,6.195],[-6.275,3.795],[1.825,-1.815]],"c":true},"ix":2},"nm":"Path 1","mn":"ADBE Vector Shape - Group","hd":false},{"ty":"mm","mm":4,"nm":"Merge Paths 1","mn":"ADBE Vector Filter - Merge","hd":false},{"ty":"fl","c":{"a":0,"k":[0.988235353956,0.741176470588,0.729411764706,1],"ix":4},"o":{"a":0,"k":100,"ix":5},"r":1,"bm":0,"nm":"Fill 1","mn":"ADBE Vector Graphic - Fill","hd":false},{"ty":"tr","p":{"a":0,"k":[11.255,140.195],"ix":2},"a":{"a":0,"k":[0,0],"ix":1},"s":{"a":0,"k":[100,100],"ix":3},"r":{"a":0,"k":0,"ix":6},"o":{"a":0,"k":100,"ix":7},"sk":{"a":0,"k":0,"ix":4},"sa":{"a":0,"k":0,"ix":5},"nm":"Transform"}],"nm":"Group 8","np":3,"cix":2,"bm":0,"ix":5,"mn":"ADBE Vector Group","hd":false}],"ip":19,"op":139,"st":19,"bm":0},{"ddd":0,"ind":4,"ty":4,"nm":"ch-2 Outlines","sr":1,"ks":{"o":{"a":0,"k":100,"ix":11},"r":{"a":1,"k":[{"i":{"x":[0.833],"y":[1]},"o":{"x":[0.167],"y":[0]},"t":19,"s":[-9]},{"i":{"x":[0.833],"y":[1]},"o":{"x":[0.167],"y":[0]},"t":25,"s":[0]},{"i":{"x":[0.833],"y":[1]},"o":{"x":[0.167],"y":[0]},"t":69,"s":[0]},{"i":{"x":[0.833],"y":[1]},"o":{"x":[0.167],"y":[0]},"t":72,"s":[-5]},{"i":{"x":[0.833],"y":[1]},"o":{"x":[0.167],"y":[0]},"t":111,"s":[-5]},{"t":114,"s":[0]}],"ix":10},"p":{"a":0,"k":[267.465,189.957,0],"ix":2},"a":{"a":0,"k":[11.875,8.885,0],"ix":1},"s":{"a":0,"k":[100,100,100],"ix":6}},"ao":0,"shapes":[{"ty":"gr","it":[{"ind":0,"ty":"sh","ix":1,"ks":{"a":0,"k":{"i":[[0.29,-1.14],[1.43,-0.98],[0.81,0.23],[0.23,0.1],[0.37,-0.44],[0.43,-0.37],[0.91,-0.28],[-0.16,-0.95],[-1.21,0],[-2.54,0.44],[-0.32,0.26],[-0.04,0.49],[-0.79,1.02],[-0.05,2],[1.28,0.42]],"o":[[-0.49,1.66],[-0.64,0.54],[-0.22,-0.12],[-0.56,-0.09],[-0.39,0.4],[-0.79,0.52],[-0.86,0.4],[0.2,1.23],[2.58,-0.01],[0.41,-0.04],[0.29,-0.39],[0.21,-1.27],[1.25,-1.58],[0,-1.3],[-1.28,-0.41]],"v":[[4.19,-3.495],[1.22,0.585],[-1.1,1.075],[-1.78,0.745],[-3.28,1.305],[-4.4,2.565],[-6.96,3.775],[-8.49,5.965],[-5.53,7.525],[2.16,6.845],[3.27,6.395],[3.77,5.045],[5.29,1.545],[8.65,-3.265],[6.11,-7.115]],"c":true},"ix":2},"nm":"Path 1","mn":"ADBE Vector Shape - Group","hd":false},{"ty":"mm","mm":4,"nm":"Merge Paths 1","mn":"ADBE Vector Filter - Merge","hd":false},{"ty":"fl","c":{"a":0,"k":[0.219607858097,0.384313755409,0.972549079446,1],"ix":4},"o":{"a":0,"k":100,"ix":5},"r":1,"bm":0,"nm":"Fill 1","mn":"ADBE Vector Graphic - Fill","hd":false},{"ty":"tr","p":{"a":0,"k":[33.85,103.995],"ix":2},"a":{"a":0,"k":[0,0],"ix":1},"s":{"a":0,"k":[100,100],"ix":3},"r":{"a":0,"k":0,"ix":6},"o":{"a":0,"k":100,"ix":7},"sk":{"a":0,"k":0,"ix":4},"sa":{"a":0,"k":0,"ix":5},"nm":"Transform"}],"nm":"Group 1","np":3,"cix":2,"bm":0,"ix":1,"mn":"ADBE Vector Group","hd":false},{"ty":"gr","it":[{"ind":0,"ty":"sh","ix":1,"ks":{"a":0,"k":{"i":[[0,0],[-0.68,-6.79],[-1.44,-6.63],[0,-20.67],[0.95,-0.31],[0.67,-0.15],[0.62,1.32],[0.58,4.98],[7.86,13.67],[0,0]],"o":[[0,0],[0.68,6.8],[1.44,6.63],[-0.5,0.86],[-0.65,0.23],[-1.42,0.33],[-3.58,-7.45],[-0.41,-3.53],[-1.92,-3.29],[0,0]],"v":[[1.38,-48.48],[9.32,-31.62],[11.82,5.7],[18.55,45.76],[16.3,47.58],[14.32,48.15],[10.83,46.45],[-4.75,9.99],[-16.63,-30.6],[-15.47,-46.94]],"c":true},"ix":2},"nm":"Path 1","mn":"ADBE Vector Shape - Group","hd":false},{"ty":"mm","mm":4,"nm":"Merge Paths 1","mn":"ADBE Vector Filter - Merge","hd":false},{"ty":"fl","c":{"a":0,"k":[0.06752501843,0.208757407992,0.71315870098,1],"ix":4},"o":{"a":0,"k":100,"ix":5},"r":1,"bm":0,"nm":"Fill 1","mn":"ADBE Vector Graphic - Fill","hd":false},{"ty":"tr","p":{"a":0,"k":[18.8,48.73],"ix":2},"a":{"a":0,"k":[0,0],"ix":1},"s":{"a":0,"k":[100,100],"ix":3},"r":{"a":0,"k":0,"ix":6},"o":{"a":0,"k":100,"ix":7},"sk":{"a":0,"k":0,"ix":4},"sa":{"a":0,"k":0,"ix":5},"nm":"Transform"}],"nm":"Group 4","np":3,"cix":2,"bm":0,"ix":2,"mn":"ADBE Vector Group","hd":false},{"ty":"gr","it":[{"ind":0,"ty":"sh","ix":1,"ks":{"a":0,"k":{"i":[[0,0],[0.57,-1.97],[0.37,-2.4],[1.29,0],[0,0],[-2.31,0.51],[0.14,2.62],[-0.2,2.03],[0,0]],"o":[[0,0],[-0.58,1.97],[-0.37,2.4],[0,0],[0,0],[2.31,-0.51],[-0.06,-2.04],[0,0],[0,0]],"v":[[4.235,-6.41],[6.605,-1.67],[3.015,4.01],[-0.065,7.72],[-6.215,7.72],[-4.865,5.52],[-1.855,-0.44],[-1.635,-6.55],[3.235,-7.72]],"c":true},"ix":2},"nm":"Path 1","mn":"ADBE Vector Shape - Group","hd":false},{"ty":"mm","mm":4,"nm":"Merge Paths 1","mn":"ADBE Vector Filter - Merge","hd":false},{"ty":"fl","c":{"a":0,"k":[0.988235353956,0.741176470588,0.729411764706,1],"ix":4},"o":{"a":0,"k":100,"ix":5},"r":1,"bm":0,"nm":"Fill 1","mn":"ADBE Vector Graphic - Fill","hd":false},{"ty":"tr","p":{"a":0,"k":[34.135,102.23],"ix":2},"a":{"a":0,"k":[0,0],"ix":1},"s":{"a":0,"k":[100,100],"ix":3},"r":{"a":0,"k":0,"ix":6},"o":{"a":0,"k":100,"ix":7},"sk":{"a":0,"k":0,"ix":4},"sa":{"a":0,"k":0,"ix":5},"nm":"Transform"}],"nm":"Group 5","np":3,"cix":2,"bm":0,"ix":3,"mn":"ADBE Vector Group","hd":false}],"ip":19,"op":139,"st":19,"bm":0},{"ddd":0,"ind":5,"ty":4,"nm":"shadow Outlines","sr":1,"ks":{"o":{"a":0,"k":40,"ix":11},"r":{"a":0,"k":0,"ix":10},"p":{"a":0,"k":[294,301.562,0],"ix":2},"a":{"a":0,"k":[94.95,11.041,0],"ix":1},"s":{"a":0,"k":[100,100,100],"ix":6}},"ao":0,"shapes":[{"ty":"gr","it":[{"ind":0,"ty":"sh","ix":1,"ks":{"a":0,"k":{"i":[[2.365,-0.022],[10.52,-0.2],[11.38,-3.77],[-2.81,-0.13],[-3.91,0],[-7.81,-0.36],[-7.44,-2],[-7.35,-1.73],[-5.42,-0.34],[-1.707,0.009],[-2.829,-0.523],[-4.49,-1.11],[-2.49,-0.13],[-5.21,0.81],[0,0],[-0.6,0.6],[0.79,0.77],[0.42,0.2],[0.57,0.16],[4.86,0],[3.69,-2.2],[1.04,-0.32],[1.05,0.5],[1.87,0.14],[1.86,0],[4.39,-0.07],[0,0],[9.11,2.1],[0,0],[10.684,0]],"o":[[-10.51,0.11],[-11.94,0.24],[2.57,-0.85],[3.91,0.22],[7.81,0],[7.7,0.29],[7.1,1.97],[5.27,1.29],[1.708,0.109],[2.82,-0.017],[4.54,0.84],[2.41,0.6],[5.26,0.26],[0,0],[0.85,-0.02],[0.58,-0.94],[-0.32,-0.34],[-0.52,-0.25],[-4.71,-1.18],[-4.26,-0.12],[-0.87,0.64],[-1.15,0.1],[-1.88,-0.69],[-1.87,-0.14],[-4.39,0],[0,0],[-9.35,0.07],[0,0],[-10.428,-2.283],[-2.369,0]],"v":[[-27.69,-10.749],[-59.23,-10.29],[-94.7,-5.95],[-83.9,-4.99],[-72.16,-4.77],[-48.73,-4.65],[-25.95,-1.2],[-3.77,1.161],[12.08,5.01],[17.2,5.1],[25.67,5.59],[38.98,9.441],[46.35,10.531],[62.07,9.171],[91.87,4.54],[94.12,3.581],[93.75,0.65],[92.63,-0.16],[91,-0.779],[76.58,-2.56],[64.14,-0.389],[61.26,1.061],[57.9,0.451],[52.13,-1.359],[46.36,-1.18],[33.18,-1.18],[21.34,-0.98],[-6.44,-4.029],[11.22,-8.12],[-20.586,-10.79]],"c":true},"ix":2},"nm":"Path 2","mn":"ADBE Vector Shape - Group","hd":false},{"ty":"tr","p":{"a":0,"k":[0,0],"ix":2},"a":{"a":0,"k":[0,0],"ix":1},"s":{"a":0,"k":[100,100],"ix":3},"r":{"a":0,"k":0,"ix":6},"o":{"a":0,"k":100,"ix":7},"sk":{"a":0,"k":0,"ix":4},"sa":{"a":0,"k":0,"ix":5},"nm":"Transform"}],"nm":"Group 1","np":1,"cix":2,"bm":0,"ix":1,"mn":"ADBE Vector Group","hd":false},{"ty":"mm","mm":4,"nm":"Merge Paths 1","mn":"ADBE Vector Filter - Merge","hd":false},{"ty":"fl","c":{"a":0,"k":[0.5,0.5,0.5,1],"ix":4},"o":{"a":0,"k":100,"ix":5},"r":1,"bm":0,"nm":"Fill 1","mn":"ADBE Vector Graphic - Fill","hd":false}],"ip":19,"op":139,"st":19,"bm":0}]}],"layers":[{"ddd":0,"ind":1,"ty":4,"nm":"lt-2 Outlines","parent":2,"sr":1,"ks":{"o":{"a":1,"k":[{"i":{"x":[0.833],"y":[1]},"o":{"x":[0.167],"y":[0]},"t":33,"s":[0]},{"t":36,"s":[100]}],"ix":11},"r":{"a":0,"k":0,"ix":10},"p":{"a":0,"k":[36.74,26.435,0],"ix":2},"a":{"a":0,"k":[9.18,20.155,0],"ix":1},"s":{"a":1,"k":[{"i":{"x":[0.833,0.833,0.833],"y":[1,1,1]},"o":{"x":[0.167,0.167,0.167],"y":[0,0,0]},"t":33,"s":[169,169,100]},{"t":36,"s":[100,100,100]}],"ix":6}},"ao":0,"shapes":[{"ty":"gr","it":[{"ind":0,"ty":"sh","ix":1,"ks":{"a":0,"k":{"i":[[0,0],[0,0],[2.08,1.48],[0,0],[-2.39,-0.13],[-0.12,2.76],[3.41,1.62],[-0.17,4.18],[-4.34,0.55],[0,0],[0,0],[0,0],[-1.81,-1.14],[0,0],[2.1,0.07],[0.06,-1.92],[-3.98,-1.92],[0.17,-4.33],[4.81,-0.62],[0,0]],"o":[[0,0],[-2.55,-0.13],[0,0],[1.94,1.41],[3.35,0.12],[0.12,-2.76],[-4.71,-2.12],[0.15,-4.01],[0,0],[0,0],[0,0],[2.14,0.11],[0,0],[-1.73,-1.18],[-3.61,-0.14],[-0.1,2.51],[4.81,2.22],[-0.14,3.85],[0,0],[0,0]],"v":[[-2.03,19.855],[-1.84,14.945],[-8.93,12.485],[-7.69,9.295],[-1.06,11.655],[4.71,7.145],[-0.36,1.155],[-7.77,-7.495],[-0.4,-14.985],[-0.22,-19.905],[2.66,-19.785],[2.48,-15.105],[8.5,-13.185],[7.23,-9.985],[1.38,-11.905],[-3.73,-7.955],[1.84,-2.185],[8.76,6.955],[1.07,14.875],[0.87,19.905]],"c":true},"ix":2},"nm":"Path 1","mn":"ADBE Vector Shape - Group","hd":false},{"ty":"fl","c":{"a":0,"k":[0.219607858097,0.384313755409,0.972549079446,1],"ix":4},"o":{"a":0,"k":100,"ix":5},"r":1,"bm":0,"nm":"Fill 1","mn":"ADBE Vector Graphic - Fill","hd":false},{"ty":"tr","p":{"a":0,"k":[9.18,20.155],"ix":2},"a":{"a":0,"k":[0,0],"ix":1},"s":{"a":0,"k":[100,100],"ix":3},"r":{"a":0,"k":0,"ix":6},"o":{"a":0,"k":100,"ix":7},"sk":{"a":0,"k":0,"ix":4},"sa":{"a":0,"k":0,"ix":5},"nm":"Transform"}],"nm":"Group 1","np":4,"cix":2,"bm":0,"ix":1,"mn":"ADBE Vector Group","hd":false}],"ip":33,"op":153,"st":33,"bm":0},{"ddd":0,"ind":2,"ty":4,"nm":"lt-1 Outlines","sr":1,"ks":{"o":{"a":0,"k":100,"ix":11},"r":{"a":1,"k":[{"i":{"x":[0.833],"y":[1]},"o":{"x":[0.167],"y":[0]},"t":30,"s":[-63]},{"t":36,"s":[0]}],"ix":10},"p":{"a":1,"k":[{"i":{"x":0.667,"y":1},"o":{"x":0.333,"y":0},"t":69,"s":[285.31,119.742,0],"to":[0,-0.833,0],"ti":[0,0,0]},{"i":{"x":0.667,"y":1},"o":{"x":0.333,"y":0},"t":72,"s":[285.31,114.742,0],"to":[0,0,0],"ti":[0,-0.833,0]},{"t":75,"s":[285.31,119.742,0]}],"ix":2},"a":{"a":0,"k":[28.56,65.09,0],"ix":1},"s":{"a":1,"k":[{"i":{"x":[0.833,0.833,0.833],"y":[1,1,1]},"o":{"x":[0.333,0.333,0.333],"y":[0,0,0]},"t":30,"s":[0,0,100]},{"i":{"x":[0.833,0.833,0.833],"y":[1,1,1]},"o":{"x":[0.167,0.167,0.167],"y":[0,0,0]},"t":34,"s":[120,120,100]},{"t":36,"s":[100,100,100]}],"ix":6}},"ao":0,"shapes":[{"ty":"gr","it":[{"ind":0,"ty":"sh","ix":1,"ks":{"a":0,"k":{"i":[[0,0],[0,0],[5.91,-0.09],[0,0],[0,0],[0,0],[0,0],[-0.06,5.91],[0,0],[-5.91,0.09],[0,0],[0,0],[0.06,-5.91]],"o":[[0,0],[0.1,5.9],[0,0],[0,0],[0,0],[0,0],[-5.91,-0.07],[0,0],[-0.09,-5.91],[0,0],[0,0],[5.9,0.06],[0,0]],"v":[[37.495,-22.98],[37.495,7.66],[26.975,18.52],[3.595,18.52],[-6.985,33.84],[-6.985,18.52],[-26.925,18.52],[-37.505,7.7],[-37.505,-22.98],[-26.965,-33.84],[-26.925,-33.84],[26.915,-33.84],[37.495,-23.03]],"c":true},"ix":2},"nm":"Path 1","mn":"ADBE Vector Shape - Group","hd":false},{"ty":"mm","mm":4,"nm":"Merge Paths 1","mn":"ADBE Vector Filter - Merge","hd":false},{"ty":"fl","c":{"a":0,"k":[1,1,1,1],"ix":4},"o":{"a":0,"k":100,"ix":5},"r":1,"bm":0,"nm":"Fill 1","mn":"ADBE Vector Graphic - Fill","hd":false},{"ty":"tr","p":{"a":0,"k":[37.845,34.09],"ix":2},"a":{"a":0,"k":[0,0],"ix":1},"s":{"a":0,"k":[100,100],"ix":3},"r":{"a":0,"k":0,"ix":6},"o":{"a":0,"k":100,"ix":7},"sk":{"a":0,"k":0,"ix":4},"sa":{"a":0,"k":0,"ix":5},"nm":"Transform"}],"nm":"Group 1","np":3,"cix":2,"bm":0,"ix":1,"mn":"ADBE Vector Group","hd":false}],"ip":30,"op":150,"st":30,"bm":0},{"ddd":0,"ind":3,"ty":0,"nm":"chica-a","refId":"comp_0","sr":1,"ks":{"o":{"a":1,"k":[{"i":{"x":[0.667],"y":[1]},"o":{"x":[0.167],"y":[0]},"t":19,"s":[0]},{"t":23,"s":[100]}],"ix":11},"r":{"a":0,"k":0,"ix":10},"p":{"a":1,"k":[{"i":{"x":0.667,"y":1},"o":{"x":0.333,"y":0},"t":19,"s":[251,180,0],"to":[-8.833,-1.667,0],"ti":[8.833,1.667,0]},{"t":23,"s":[198,170,0]}],"ix":2},"a":{"a":0,"k":[198,170,0],"ix":1},"s":{"a":0,"k":[100,100,100],"ix":6}},"ao":0,"w":396,"h":340,"ip":0,"op":120,"st":0,"bm":0},{"ddd":0,"ind":4,"ty":4,"nm":"pplane Outlines","sr":1,"ks":{"o":{"a":1,"k":[{"i":{"x":[0.667],"y":[1]},"o":{"x":[0.167],"y":[0]},"t":9,"s":[0]},{"t":14,"s":[100]}],"ix":11},"r":{"a":0,"k":0,"ix":10},"p":{"a":1,"k":[{"i":{"x":0.833,"y":1},"o":{"x":0.333,"y":0},"t":9,"s":[51.869,298.548,0],"to":[15,-10.833,0],"ti":[-18.167,12.667,0]},{"i":{"x":0.667,"y":1},"o":{"x":0.333,"y":0},"t":14,"s":[141.869,233.548,0],"to":[18.167,-12.667,0],"ti":[-3.167,1.833,0]},{"t":119,"s":[160.869,222.548,0]}],"ix":2},"a":{"a":0,"k":[33.119,19.798,0],"ix":1},"s":{"a":0,"k":[100,100,100],"ix":6}},"ao":0,"shapes":[{"ty":"gr","it":[{"ind":0,"ty":"sh","ix":1,"ks":{"a":0,"k":{"i":[[0,0],[0,0],[0,0]],"o":[[0,0],[0,0],[0,0]],"v":[[-27.378,19.548],[-19.624,-1.181],[27.378,-19.548]],"c":true},"ix":2},"nm":"Path 1","mn":"ADBE Vector Shape - Group","hd":false},{"ty":"fl","c":{"a":0,"k":[0.219607858097,0.384313755409,0.972549079446,1],"ix":4},"o":{"a":0,"k":100,"ix":5},"r":1,"bm":0,"nm":"Fill 1","mn":"ADBE Vector Graphic - Fill","hd":false},{"ty":"tr","p":{"a":0,"k":[38.611,19.798],"ix":2},"a":{"a":0,"k":[0,0],"ix":1},"s":{"a":0,"k":[100,100],"ix":3},"r":{"a":0,"k":0,"ix":6},"o":{"a":0,"k":100,"ix":7},"sk":{"a":0,"k":0,"ix":4},"sa":{"a":0,"k":0,"ix":5},"nm":"Transform"}],"nm":"Group 2","np":2,"cix":2,"bm":0,"ix":1,"mn":"ADBE Vector Group","hd":false},{"ty":"gr","it":[{"ind":0,"ty":"sh","ix":1,"ks":{"a":0,"k":{"i":[[0,0],[0,0],[0,0],[0,0]],"o":[[0,0],[0,0],[0,0],[0,0]],"v":[[-42.334,-1.581],[-1.966,42.318],[42.334,1.581],[1.966,-42.318]],"c":true},"ix":2},"nm":"Path 1","mn":"ADBE Vector Shape - Group","hd":false},{"ty":"gr","it":[{"ind":0,"ty":"sh","ix":1,"ks":{"a":0,"k":{"i":[[0,0],[0,0],[0,0]],"o":[[0,0],[0,0],[0,0]],"v":[[23.501,-18.899],[-15.677,18.899],[-23.501,-0.532]],"c":true},"ix":2},"nm":"Path 2","mn":"ADBE Vector Shape - Group","hd":false},{"ty":"tr","p":{"a":0,"k":[0,0],"ix":2},"a":{"a":0,"k":[0,0],"ix":1},"s":{"a":0,"k":[100,100],"ix":3},"r":{"a":0,"k":0,"ix":6},"o":{"a":0,"k":100,"ix":7},"sk":{"a":0,"k":0,"ix":4},"sa":{"a":0,"k":0,"ix":5},"nm":"Transform"}],"nm":"Group 1","np":1,"cix":2,"bm":0,"ix":2,"mn":"ADBE Vector Group","hd":false},{"ty":"tr","p":{"a":0,"k":[42.488,19.149],"ix":2},"a":{"a":0,"k":[0,0],"ix":1},"s":{"a":0,"k":[100,100],"ix":3},"r":{"a":0,"k":0,"ix":6},"o":{"a":0,"k":100,"ix":7},"sk":{"a":0,"k":0,"ix":4},"sa":{"a":0,"k":0,"ix":5},"nm":"Transform"}],"nm":"Group 3","np":2,"cix":2,"bm":0,"ix":2,"mn":"ADBE Vector Group","hd":false},{"ty":"gr","it":[{"ind":0,"ty":"sh","ix":1,"ks":{"a":0,"k":{"i":[[0,0],[0,0],[0,0]],"o":[[0,0],[0,0],[0,0]],"v":[[23.501,-18.899],[-15.677,18.899],[-23.501,-0.532]],"c":true},"ix":2},"nm":"Path 1","mn":"ADBE Vector Shape - Group","hd":false},{"ty":"fl","c":{"a":0,"k":[0.219607858097,0.384313755409,0.972549079446,1],"ix":4},"o":{"a":0,"k":100,"ix":5},"r":1,"bm":0,"nm":"Fill 1","mn":"ADBE Vector Graphic - Fill","hd":false},{"ty":"tr","p":{"a":0,"k":[42.488,19.149],"ix":2},"a":{"a":0,"k":[0,0],"ix":1},"s":{"a":0,"k":[100,100],"ix":3},"r":{"a":0,"k":0,"ix":6},"o":{"a":0,"k":100,"ix":7},"sk":{"a":0,"k":0,"ix":4},"sa":{"a":0,"k":0,"ix":5},"nm":"Transform"}],"nm":"Group 4","np":2,"cix":2,"bm":0,"ix":3,"mn":"ADBE Vector Group","hd":false},{"ty":"gr","it":[{"ind":0,"ty":"sh","ix":1,"ks":{"a":0,"k":{"i":[[0,0],[0,0],[0,0]],"o":[[0,0],[0,0],[0,0]],"v":[[-32.87,-2.307],[32.87,-9.184],[-14.133,9.184]],"c":true},"ix":2},"nm":"Path 1","mn":"ADBE Vector Shape - Group","hd":false},{"ty":"fl","c":{"a":0,"k":[0.219607858097,0.384313755409,0.972549079446,1],"ix":4},"o":{"a":0,"k":100,"ix":5},"r":1,"bm":0,"nm":"Fill 1","mn":"ADBE Vector Graphic - Fill","hd":false},{"ty":"tr","p":{"a":0,"k":[33.119,9.434],"ix":2},"a":{"a":0,"k":[0,0],"ix":1},"s":{"a":0,"k":[100,100],"ix":3},"r":{"a":0,"k":0,"ix":6},"o":{"a":0,"k":100,"ix":7},"sk":{"a":0,"k":0,"ix":4},"sa":{"a":0,"k":0,"ix":5},"nm":"Transform"}],"nm":"Group 5","np":2,"cix":2,"bm":0,"ix":4,"mn":"ADBE Vector Group","hd":false}],"ip":9,"op":129,"st":9,"bm":0},{"ddd":0,"ind":5,"ty":4,"nm":"coin-2-2 Outlines","parent":6,"sr":1,"ks":{"o":{"a":1,"k":[{"i":{"x":[0.833],"y":[1]},"o":{"x":[0.333],"y":[0]},"t":25,"s":[0]},{"t":28,"s":[100]}],"ix":11},"r":{"a":0,"k":0,"ix":10},"p":{"a":0,"k":[21.999,21.93,0],"ix":2},"a":{"a":0,"k":[7.882,10.041,0],"ix":1},"s":{"a":1,"k":[{"i":{"x":[0.833,0.833,0.833],"y":[1,1,1]},"o":{"x":[0.333,0.333,0.333],"y":[0,0,0]},"t":25,"s":[150,150,100]},{"t":30,"s":[100,100,100]}],"ix":6}},"ao":0,"shapes":[{"ty":"gr","it":[{"ind":0,"ty":"sh","ix":1,"ks":{"a":0,"k":{"i":[[0,0],[0,0],[0.674,1.26],[0,0],[-1.161,-0.679],[-0.756,1.302],[1.297,1.676],[-1.151,1.989],[-2.312,-0.887],[0,0],[0,0],[0,0],[-0.611,-1.042],[0,0],[1.022,0.577],[0.529,-0.913],[-1.514,-1.977],[1.165,-2.043],[2.568,0.965],[0,0]],"o":[[0,0],[-1.24,-0.719],[0,0],[0.612,1.197],[1.655,0.957],[0.755,-1.309],[-1.807,-2.277],[1.101,-1.902],[0,0],[0,0],[0,0],[1.04,0.615],[0,0],[-0.572,-1.029],[-1.766,-1.022],[-0.688,1.193],[1.804,2.33],[-1.046,1.811],[0,0],[0,0]],"v":[[-6.049,8.943],[-4.711,6.621],[-7.632,3.591],[-6.201,2.371],[-3.489,5.249],[0.542,4.594],[-0.465,0.362],[-1.958,-5.792],[3.638,-7.473],[4.974,-9.791],[6.399,-8.97],[5.115,-6.749],[7.632,-4.218],[6.196,-3.011],[3.761,-5.465],[0.191,-4.901],[1.519,-0.648],[2.65,5.601],[-3.223,7.41],[-4.597,9.791]],"c":true},"ix":2},"nm":"Path 1","mn":"ADBE Vector Shape - Group","hd":false},{"ty":"fl","c":{"a":0,"k":[0.972549079446,0.760784373564,0.266666666667,1],"ix":4},"o":{"a":0,"k":100,"ix":5},"r":1,"bm":0,"nm":"Fill 1","mn":"ADBE Vector Graphic - Fill","hd":false},{"ty":"tr","p":{"a":0,"k":[7.882,10.041],"ix":2},"a":{"a":0,"k":[0,0],"ix":1},"s":{"a":0,"k":[100,100],"ix":3},"r":{"a":0,"k":0,"ix":6},"o":{"a":0,"k":100,"ix":7},"sk":{"a":0,"k":0,"ix":4},"sa":{"a":0,"k":0,"ix":5},"nm":"Transform"}],"nm":"Group 1","np":4,"cix":2,"bm":0,"ix":1,"mn":"ADBE Vector Group","hd":false}],"ip":25,"op":145,"st":25,"bm":0},{"ddd":0,"ind":6,"ty":4,"nm":"coin-2-1 Outlines","sr":1,"ks":{"o":{"a":1,"k":[{"i":{"x":[0.833],"y":[0.833]},"o":{"x":[0.167],"y":[0.167]},"t":19,"s":[0]},{"t":25,"s":[100]}],"ix":11},"r":{"a":1,"k":[{"i":{"x":[0.833],"y":[1]},"o":{"x":[0.333],"y":[0]},"t":19,"s":[11]},{"t":119,"s":[0]}],"ix":10},"p":{"a":1,"k":[{"i":{"x":0.833,"y":0.833},"o":{"x":0.167,"y":0.167},"t":19,"s":[275.83,239.831,0],"to":[-8.333,0,0],"ti":[8.333,0,0]},{"t":119,"s":[225.83,239.831,0]}],"ix":2},"a":{"a":0,"k":[22.534,22.534,0],"ix":1},"s":{"a":0,"k":[100,100,100],"ix":6}},"ao":0,"shapes":[{"ty":"gr","it":[{"ind":0,"ty":"sh","ix":1,"ks":{"a":0,"k":{"i":[[-8.426,-3.728],[-3.728,8.426],[8.426,3.728],[3.728,-8.426]],"o":[[8.426,3.728],[3.729,-8.426],[-8.426,-3.728],[-3.728,8.426]],"v":[[-6.751,15.257],[15.256,6.751],[6.75,-15.257],[-15.257,-6.751]],"c":true},"ix":2},"nm":"Path 1","mn":"ADBE Vector Shape - Group","hd":false},{"ty":"fl","c":{"a":0,"k":[0.909803981407,0.658823529412,0.145098039216,1],"ix":4},"o":{"a":0,"k":100,"ix":5},"r":1,"bm":0,"nm":"Fill 1","mn":"ADBE Vector Graphic - Fill","hd":false},{"ty":"tr","p":{"a":0,"k":[22.538,22.526],"ix":2},"a":{"a":0,"k":[0,0],"ix":1},"s":{"a":0,"k":[100,100],"ix":3},"r":{"a":0,"k":0,"ix":6},"o":{"a":0,"k":100,"ix":7},"sk":{"a":0,"k":0,"ix":4},"sa":{"a":0,"k":0,"ix":5},"nm":"Transform"}],"nm":"Group 1","np":4,"cix":2,"bm":0,"ix":1,"mn":"ADBE Vector Group","hd":false},{"ty":"gr","it":[{"ind":0,"ty":"sh","ix":1,"ks":{"a":0,"k":{"i":[[-9.89,-4.376],[-4.376,9.891],[9.89,4.376],[4.376,-9.89]],"o":[[9.891,4.376],[4.376,-9.89],[-9.89,-4.376],[-4.376,9.89]],"v":[[-7.924,17.908],[17.908,7.923],[7.924,-17.908],[-17.908,-7.923]],"c":true},"ix":2},"nm":"Path 1","mn":"ADBE Vector Shape - Group","hd":false},{"ty":"fl","c":{"a":0,"k":[0.972549079446,0.760784373564,0.266666666667,1],"ix":4},"o":{"a":0,"k":100,"ix":5},"r":1,"bm":0,"nm":"Fill 1","mn":"ADBE Vector Graphic - Fill","hd":false},{"ty":"tr","p":{"a":0,"k":[22.534,22.534],"ix":2},"a":{"a":0,"k":[0,0],"ix":1},"s":{"a":0,"k":[100,100],"ix":3},"r":{"a":0,"k":0,"ix":6},"o":{"a":0,"k":100,"ix":7},"sk":{"a":0,"k":0,"ix":4},"sa":{"a":0,"k":0,"ix":5},"nm":"Transform"}],"nm":"Group 2","np":4,"cix":2,"bm":0,"ix":2,"mn":"ADBE Vector Group","hd":false}],"ip":19,"op":139,"st":19,"bm":0},{"ddd":0,"ind":7,"ty":4,"nm":"coin-1-2 Outlines","parent":8,"sr":1,"ks":{"o":{"a":1,"k":[{"i":{"x":[0.833],"y":[1]},"o":{"x":[0.333],"y":[0]},"t":25,"s":[0]},{"t":28,"s":[100]}],"ix":11},"r":{"a":0,"k":0,"ix":10},"p":{"a":0,"k":[25.82,26.921,0],"ix":2},"a":{"a":0,"k":[10.398,12.61,0],"ix":1},"s":{"a":1,"k":[{"i":{"x":[0.833,0.833,0.833],"y":[1,1,1]},"o":{"x":[0.333,0.333,0.333],"y":[0,0,0]},"t":25,"s":[150,150,100]},{"t":30,"s":[100,100,100]}],"ix":6}},"ao":0,"shapes":[{"ty":"gr","it":[{"ind":0,"ty":"sh","ix":1,"ks":{"a":0,"k":{"i":[[0,0],[0,0],[1.923,-0.205],[0,0],[-1.445,1.111],[1.259,1.612],[2.723,-0.776],[1.916,2.456],[-2.27,2.457],[0,0],[0,0],[0,0],[-1.619,0.236],[0,0],[1.247,-0.993],[-0.875,-1.129],[-3.25,0.893],[-1.985,-2.519],[2.531,-2.748],[0,0]],"o":[[0,0],[-1.532,1.191],[0,0],[1.817,-0.149],[2.029,-1.575],[-1.259,-1.613],[-3.772,1.116],[-1.837,-2.351],[0,0],[0,0],[0,0],[1.302,-0.993],[0,0],[-1.582,0.193],[-2.184,1.699],[1.153,1.464],[3.858,-1.086],[1.743,2.233],[0,0],[0,0]],"v":[[8.077,12.36],[5.844,9.506],[0.553,11.634],[-0.253,9.209],[4.745,7.279],[5.962,1.883],[0.174,0.996],[-8.311,-0.251],[-7.592,-8.136],[-9.82,-10.989],[-8.063,-12.36],[-5.93,-9.618],[-1.477,-11.492],[-0.689,-9.054],[-5.005,-7.242],[-6.109,-2.478],[-0.087,-1.982],[8.331,-0.226],[7.617,8.067],[9.906,11.014]],"c":true},"ix":2},"nm":"Path 1","mn":"ADBE Vector Shape - Group","hd":false},{"ty":"fl","c":{"a":0,"k":[0.972549079446,0.760784373564,0.266666666667,1],"ix":4},"o":{"a":0,"k":100,"ix":5},"r":1,"bm":0,"nm":"Fill 1","mn":"ADBE Vector Graphic - Fill","hd":false},{"ty":"tr","p":{"a":0,"k":[10.398,12.61],"ix":2},"a":{"a":0,"k":[0,0],"ix":1},"s":{"a":0,"k":[100,100],"ix":3},"r":{"a":0,"k":0,"ix":6},"o":{"a":0,"k":100,"ix":7},"sk":{"a":0,"k":0,"ix":4},"sa":{"a":0,"k":0,"ix":5},"nm":"Transform"}],"nm":"Group 1","np":4,"cix":2,"bm":0,"ix":1,"mn":"ADBE Vector Group","hd":false}],"ip":25,"op":145,"st":25,"bm":0},{"ddd":0,"ind":8,"ty":4,"nm":"coin-1-1 Outlines","sr":1,"ks":{"o":{"a":1,"k":[{"i":{"x":[0.833],"y":[0.833]},"o":{"x":[0.167],"y":[0.167]},"t":19,"s":[0]},{"t":25,"s":[100]}],"ix":11},"r":{"a":1,"k":[{"i":{"x":[0.833],"y":[1]},"o":{"x":[0.333],"y":[0]},"t":19,"s":[-11]},{"t":119,"s":[0]}],"ix":10},"p":{"a":1,"k":[{"i":{"x":0.833,"y":0.833},"o":{"x":0.167,"y":0.167},"t":19,"s":[132.525,169.525,0],"to":[3.5,0,0],"ti":[-3.5,0,0]},{"t":119,"s":[153.525,169.525,0]}],"ix":2},"a":{"a":0,"k":[26.775,26.775,0],"ix":1},"s":{"a":0,"k":[100,100,100],"ix":6}},"ao":0,"shapes":[{"ty":"gr","it":[{"ind":0,"ty":"sh","ix":1,"ks":{"a":0,"k":{"i":[[-12.481,0],[0,12.48],[12.48,0],[0,-12.481]],"o":[[12.48,0],[0,-12.481],[-12.481,0],[0,12.48]],"v":[[0.001,22.598],[22.599,0.001],[0.001,-22.598],[-22.599,0.001]],"c":true},"ix":2},"nm":"Path 1","mn":"ADBE Vector Shape - Group","hd":false},{"ty":"fl","c":{"a":0,"k":[0.909803981407,0.658823529412,0.145098039216,1],"ix":4},"o":{"a":0,"k":100,"ix":5},"r":1,"bm":0,"nm":"Fill 1","mn":"ADBE Vector Graphic - Fill","hd":false},{"ty":"tr","p":{"a":0,"k":[26.768,26.788],"ix":2},"a":{"a":0,"k":[0,0],"ix":1},"s":{"a":0,"k":[100,100],"ix":3},"r":{"a":0,"k":0,"ix":6},"o":{"a":0,"k":100,"ix":7},"sk":{"a":0,"k":0,"ix":4},"sa":{"a":0,"k":0,"ix":5},"nm":"Transform"}],"nm":"Group 1","np":4,"cix":2,"bm":0,"ix":1,"mn":"ADBE Vector Group","hd":false},{"ty":"gr","it":[{"ind":0,"ty":"sh","ix":1,"ks":{"a":0,"k":{"i":[[-14.649,0],[0,14.649],[14.649,0],[0,-14.649]],"o":[[14.649,0],[0,-14.649],[-14.649,0],[0,14.649]],"v":[[0,26.525],[26.525,0],[0,-26.525],[-26.525,0]],"c":true},"ix":2},"nm":"Path 1","mn":"ADBE Vector Shape - Group","hd":false},{"ty":"fl","c":{"a":0,"k":[0.972549079446,0.760784373564,0.266666666667,1],"ix":4},"o":{"a":0,"k":100,"ix":5},"r":1,"bm":0,"nm":"Fill 1","mn":"ADBE Vector Graphic - Fill","hd":false},{"ty":"tr","p":{"a":0,"k":[26.775,26.775],"ix":2},"a":{"a":0,"k":[0,0],"ix":1},"s":{"a":0,"k":[100,100],"ix":3},"r":{"a":0,"k":0,"ix":6},"o":{"a":0,"k":100,"ix":7},"sk":{"a":0,"k":0,"ix":4},"sa":{"a":0,"k":0,"ix":5},"nm":"Transform"}],"nm":"Group 2","np":4,"cix":2,"bm":0,"ix":2,"mn":"ADBE Vector Group","hd":false}],"ip":19,"op":139,"st":19,"bm":0},{"ddd":0,"ind":9,"ty":4,"nm":"c-7 Outlines","parent":15,"sr":1,"ks":{"o":{"a":1,"k":[{"i":{"x":[0.833],"y":[1]},"o":{"x":[0.333],"y":[0]},"t":19,"s":[1]},{"t":23,"s":[40]}],"ix":11},"r":{"a":0,"k":0,"ix":10},"p":{"a":1,"k":[{"i":{"x":0.833,"y":1},"o":{"x":0.167,"y":0},"t":19,"s":[68.26,142.465,0],"to":[0,-2,0],"ti":[0,2,0]},{"t":25,"s":[68.26,130.465,0]}],"ix":2},"a":{"a":0,"k":[18.88,2.155,0],"ix":1},"s":{"a":0,"k":[100,100,100],"ix":6}},"ao":0,"shapes":[{"ty":"gr","it":[{"ty":"fl","c":{"a":0,"k":[0.5,0.5,0.5,1],"ix":4},"o":{"a":0,"k":100,"ix":5},"r":1,"bm":0,"nm":"Fill 1","mn":"ADBE Vector Graphic - Fill","hd":false},{"ty":"tr","p":{"a":0,"k":[18.88,2.155],"ix":2},"a":{"a":0,"k":[0,0],"ix":1},"s":{"a":0,"k":[100,100],"ix":3},"r":{"a":0,"k":0,"ix":6},"o":{"a":0,"k":100,"ix":7},"sk":{"a":0,"k":0,"ix":4},"sa":{"a":0,"k":0,"ix":5},"nm":"Transform"}],"nm":"Group 1","np":3,"cix":2,"bm":0,"ix":1,"mn":"ADBE Vector Group","hd":false}],"ip":19,"op":139,"st":19,"bm":0},{"ddd":0,"ind":10,"ty":4,"nm":"c-6 Outlines","parent":15,"sr":1,"ks":{"o":{"a":1,"k":[{"i":{"x":[0.833],"y":[1]},"o":{"x":[0.333],"y":[0]},"t":15,"s":[1]},{"t":19,"s":[40]}],"ix":11},"r":{"a":0,"k":0,"ix":10},"p":{"a":1,"k":[{"i":{"x":0.833,"y":1},"o":{"x":0.167,"y":0},"t":15,"s":[68.26,132.095,0],"to":[0,-2,0],"ti":[0,2,0]},{"t":21,"s":[68.26,120.095,0]}],"ix":2},"a":{"a":0,"k":[18.88,2.155,0],"ix":1},"s":{"a":0,"k":[100,100,100],"ix":6}},"ao":0,"shapes":[{"ty":"gr","it":[{"ty":"fl","c":{"a":0,"k":[0.5,0.5,0.5,1],"ix":4},"o":{"a":0,"k":100,"ix":5},"r":1,"bm":0,"nm":"Fill 1","mn":"ADBE Vector Graphic - Fill","hd":false},{"ty":"tr","p":{"a":0,"k":[18.88,2.155],"ix":2},"a":{"a":0,"k":[0,0],"ix":1},"s":{"a":0,"k":[100,100],"ix":3},"r":{"a":0,"k":0,"ix":6},"o":{"a":0,"k":100,"ix":7},"sk":{"a":0,"k":0,"ix":4},"sa":{"a":0,"k":0,"ix":5},"nm":"Transform"}],"nm":"Group 1","np":3,"cix":2,"bm":0,"ix":1,"mn":"ADBE Vector Group","hd":false}],"ip":15,"op":135,"st":15,"bm":0},{"ddd":0,"ind":11,"ty":4,"nm":"c-5 Outlines","parent":15,"sr":1,"ks":{"o":{"a":1,"k":[{"i":{"x":[0.833],"y":[1]},"o":{"x":[0.333],"y":[0]},"t":12,"s":[1]},{"t":16,"s":[40]}],"ix":11},"r":{"a":0,"k":0,"ix":10},"p":{"a":1,"k":[{"i":{"x":0.833,"y":1},"o":{"x":0.167,"y":0},"t":12,"s":[68.26,121.725,0],"to":[0,-2,0],"ti":[0,2,0]},{"t":18,"s":[68.26,109.725,0]}],"ix":2},"a":{"a":0,"k":[18.88,2.155,0],"ix":1},"s":{"a":0,"k":[100,100,100],"ix":6}},"ao":0,"shapes":[{"ty":"gr","it":[{"ty":"fl","c":{"a":0,"k":[0.5,0.5,0.5,1],"ix":4},"o":{"a":0,"k":100,"ix":5},"r":1,"bm":0,"nm":"Fill 1","mn":"ADBE Vector Graphic - Fill","hd":false},{"ty":"tr","p":{"a":0,"k":[18.88,2.155],"ix":2},"a":{"a":0,"k":[0,0],"ix":1},"s":{"a":0,"k":[100,100],"ix":3},"r":{"a":0,"k":0,"ix":6},"o":{"a":0,"k":100,"ix":7},"sk":{"a":0,"k":0,"ix":4},"sa":{"a":0,"k":0,"ix":5},"nm":"Transform"}],"nm":"Group 1","np":3,"cix":2,"bm":0,"ix":1,"mn":"ADBE Vector Group","hd":false}],"ip":12,"op":132,"st":12,"bm":0},{"ddd":0,"ind":12,"ty":4,"nm":"c-4 Outlines","parent":15,"sr":1,"ks":{"o":{"a":1,"k":[{"i":{"x":[0.833],"y":[1]},"o":{"x":[0.333],"y":[0]},"t":8,"s":[1]},{"t":12,"s":[40]}],"ix":11},"r":{"a":0,"k":0,"ix":10},"p":{"a":1,"k":[{"i":{"x":0.833,"y":1},"o":{"x":0.167,"y":0},"t":8,"s":[68.26,111.345,0],"to":[0,-2,0],"ti":[0,2,0]},{"t":14,"s":[68.26,99.345,0]}],"ix":2},"a":{"a":0,"k":[18.88,2.155,0],"ix":1},"s":{"a":0,"k":[100,100,100],"ix":6}},"ao":0,"shapes":[{"ty":"gr","it":[{"ty":"fl","c":{"a":0,"k":[0.5,0.5,0.5,1],"ix":4},"o":{"a":0,"k":100,"ix":5},"r":1,"bm":0,"nm":"Fill 1","mn":"ADBE Vector Graphic - Fill","hd":false},{"ty":"tr","p":{"a":0,"k":[18.88,2.155],"ix":2},"a":{"a":0,"k":[0,0],"ix":1},"s":{"a":0,"k":[100,100],"ix":3},"r":{"a":0,"k":0,"ix":6},"o":{"a":0,"k":100,"ix":7},"sk":{"a":0,"k":0,"ix":4},"sa":{"a":0,"k":0,"ix":5},"nm":"Transform"}],"nm":"Group 1","np":3,"cix":2,"bm":0,"ix":1,"mn":"ADBE Vector Group","hd":false}],"ip":8,"op":128,"st":8,"bm":0},{"ddd":0,"ind":13,"ty":4,"nm":"c-3 Outlines","parent":15,"sr":1,"ks":{"o":{"a":1,"k":[{"i":{"x":[0.833],"y":[1]},"o":{"x":[0.333],"y":[0]},"t":4,"s":[1]},{"t":8,"s":[40]}],"ix":11},"r":{"a":0,"k":0,"ix":10},"p":{"a":1,"k":[{"i":{"x":0.833,"y":1},"o":{"x":0.167,"y":0},"t":4,"s":[68.26,100.965,0],"to":[0,-2,0],"ti":[0,2,0]},{"t":10,"s":[68.26,88.965,0]}],"ix":2},"a":{"a":0,"k":[18.88,2.155,0],"ix":1},"s":{"a":0,"k":[100,100,100],"ix":6}},"ao":0,"shapes":[{"ty":"gr","it":[{"ty":"fl","c":{"a":0,"k":[0.5,0.5,0.5,1],"ix":4},"o":{"a":0,"k":100,"ix":5},"r":1,"bm":0,"nm":"Fill 1","mn":"ADBE Vector Graphic - Fill","hd":false},{"ty":"tr","p":{"a":0,"k":[18.88,2.155],"ix":2},"a":{"a":0,"k":[0,0],"ix":1},"s":{"a":0,"k":[100,100],"ix":3},"r":{"a":0,"k":0,"ix":6},"o":{"a":0,"k":100,"ix":7},"sk":{"a":0,"k":0,"ix":4},"sa":{"a":0,"k":0,"ix":5},"nm":"Transform"}],"nm":"Group 1","np":3,"cix":2,"bm":0,"ix":1,"mn":"ADBE Vector Group","hd":false}],"ip":4,"op":124,"st":4,"bm":0},{"ddd":0,"ind":14,"ty":4,"nm":"c-2 Outlines","parent":15,"sr":1,"ks":{"o":{"a":1,"k":[{"i":{"x":[0.833],"y":[1]},"o":{"x":[0.333],"y":[0]},"t":0,"s":[71]},{"t":4,"s":[100]}],"ix":11},"r":{"a":0,"k":0,"ix":10},"p":{"a":1,"k":[{"i":{"x":0.833,"y":1},"o":{"x":0.167,"y":0},"t":0,"s":[66.35,61.235,0],"to":[0,-2,0],"ti":[0,2,0]},{"t":6,"s":[66.35,49.235,0]}],"ix":2},"a":{"a":0,"k":[14.84,2.535,0],"ix":1},"s":{"a":0,"k":[100,100,100],"ix":6}},"ao":0,"shapes":[{"ty":"gr","it":[{"ind":0,"ty":"sh","ix":1,"ks":{"a":0,"k":{"i":[[-1.24,0],[0,0],[0,-1.24],[0,0],[1.24,0],[0,0],[0,1.24],[0,0]],"o":[[0,0],[1.24,0],[0,0],[0,1.24],[0,0],[-1.24,0],[0,0],[0,-1.24]],"v":[[-12.34,-2.285],[12.34,-2.285],[14.59,-0.035],[14.59,0.035],[12.34,2.285],[-12.34,2.285],[-14.59,0.035],[-14.59,-0.035]],"c":true},"ix":2},"nm":"Path 1","mn":"ADBE Vector Shape - Group","hd":false},{"ty":"mm","mm":4,"nm":"Merge Paths 1","mn":"ADBE Vector Filter - Merge","hd":false},{"ty":"fl","c":{"a":0,"k":[1,1,1,1],"ix":4},"o":{"a":0,"k":100,"ix":5},"r":1,"bm":0,"nm":"Fill 1","mn":"ADBE Vector Graphic - Fill","hd":false},{"ty":"tr","p":{"a":0,"k":[14.84,2.535],"ix":2},"a":{"a":0,"k":[0,0],"ix":1},"s":{"a":0,"k":[100,100],"ix":3},"r":{"a":0,"k":0,"ix":6},"o":{"a":0,"k":100,"ix":7},"sk":{"a":0,"k":0,"ix":4},"sa":{"a":0,"k":0,"ix":5},"nm":"Transform"}],"nm":"Group 1","np":3,"cix":2,"bm":0,"ix":1,"mn":"ADBE Vector Group","hd":false}],"ip":0,"op":120,"st":0,"bm":0},{"ddd":0,"ind":15,"ty":4,"nm":"c-1 Outlines","sr":1,"ks":{"o":{"a":1,"k":[{"i":{"x":[0.833],"y":[1]},"o":{"x":[0.333],"y":[0]},"t":0,"s":[0]},{"t":3,"s":[100]}],"ix":11},"r":{"a":0,"k":0,"ix":10},"p":{"a":1,"k":[{"i":{"x":0.612,"y":0.854},"o":{"x":0.16,"y":0},"t":0,"s":[193.32,205.627,0],"to":[0,-3.58,0],"ti":[0,8.578,0]},{"i":{"x":0.821,"y":1},"o":{"x":0.434,"y":0.137},"t":7,"s":[193.32,138.102,0],"to":[0,-4.998,0],"ti":[0,2.086,0]},{"t":10,"s":[193.32,171.627,0]}],"ix":2},"a":{"a":0,"k":[47.97,95.495,0],"ix":1},"s":{"a":0,"k":[100,100,100],"ix":6}},"ao":0,"shapes":[{"ty":"gr","it":[{"ind":0,"ty":"sh","ix":1,"ks":{"a":0,"k":{"i":[[0.02,-3.51],[0,0],[0,0],[0,0],[-7.12,0.03],[0,0],[0,0],[0,0],[-2.31,-0.96],[-0.81,0],[0,0],[0.01,3.44],[0,0],[0,0],[-2.37,-2.31]],"o":[[0,0],[0,0],[0,0],[-0.03,-7.12],[0,0],[0,0],[0,0],[0.03,2.5],[0.75,0.3],[0,0],[3.43,-0.02],[0,0],[0,0],[3.3,0],[2.49,2.46]],"v":[[43.325,-16.28],[43.325,29.23],[-43.315,29.23],[-43.315,-16.28],[-30.485,-29.23],[-30.465,-29.23],[-20.125,-29.23],[-20.125,-27.3],[-16.275,-21.6],[-13.915,-21.15],[14.425,-21.15],[20.625,-27.4],[20.625,-29.23],[30.605,-29.23],[39.455,-25.63]],"c":true},"ix":2},"nm":"Path 1","mn":"ADBE Vector Shape - Group","hd":false},{"ty":"mm","mm":4,"nm":"Merge Paths 1","mn":"ADBE Vector Filter - Merge","hd":false},{"ty":"fl","c":{"a":0,"k":[0.219607858097,0.384313755409,0.972549079446,1],"ix":4},"o":{"a":0,"k":100,"ix":5},"r":1,"bm":0,"nm":"Fill 1","mn":"ADBE Vector Graphic - Fill","hd":false},{"ty":"tr","p":{"a":0,"k":[47.995,34.17],"ix":2},"a":{"a":0,"k":[0,0],"ix":1},"s":{"a":0,"k":[100,100],"ix":3},"r":{"a":0,"k":0,"ix":6},"o":{"a":0,"k":100,"ix":7},"sk":{"a":0,"k":0,"ix":4},"sa":{"a":0,"k":0,"ix":5},"nm":"Transform"}],"nm":"Group 1","np":3,"cix":2,"bm":0,"ix":1,"mn":"ADBE Vector Group","hd":false},{"ty":"gr","it":[{"ind":0,"ty":"sh","ix":1,"ks":{"a":0,"k":{"i":[[0.02,-3.51],[0,0],[7.11,-0.04],[0,0],[1.93,1.12],[-0.01,4.63],[0,0],[-7.12,0.04],[0,0],[0,0],[-2.31,-0.96],[-0.81,0],[0,0],[0.01,3.44],[0,0],[0,0],[-2.37,-2.31]],"o":[[0,0],[0.04,7.11],[0,0],[-2.24,0],[-4,-2.33],[0,0],[-0.03,-7.11],[0,0],[0,0],[0.03,2.5],[0.75,0.3],[0,0],[3.43,-0.02],[0,0],[0,0],[3.3,0],[2.49,2.46]],"v":[[43.295,-76.495],[43.295,76.495],[30.495,89.445],[-30.495,89.445],[-36.855,87.735],[-43.305,76.495],[-43.305,-76.495],[-30.485,-89.445],[-20.165,-89.445],[-20.165,-87.515],[-16.315,-81.815],[-13.955,-81.365],[14.385,-81.365],[20.585,-87.615],[20.585,-89.445],[30.565,-89.445],[39.415,-85.845]],"c":true},"ix":2},"nm":"Path 1","mn":"ADBE Vector Shape - Group","hd":false},{"ty":"mm","mm":4,"nm":"Merge Paths 1","mn":"ADBE Vector Filter - Merge","hd":false},{"ty":"fl","c":{"a":0,"k":[1,1,1,1],"ix":4},"o":{"a":0,"k":100,"ix":5},"r":1,"bm":0,"nm":"Fill 1","mn":"ADBE Vector Graphic - Fill","hd":false},{"ty":"tr","p":{"a":0,"k":[48.025,94.385],"ix":2},"a":{"a":0,"k":[0,0],"ix":1},"s":{"a":0,"k":[100,100],"ix":3},"r":{"a":0,"k":0,"ix":6},"o":{"a":0,"k":100,"ix":7},"sk":{"a":0,"k":0,"ix":4},"sa":{"a":0,"k":0,"ix":5},"nm":"Transform"}],"nm":"Group 2","np":3,"cix":2,"bm":0,"ix":2,"mn":"ADBE Vector Group","hd":false},{"ty":"gr","it":[{"ind":0,"ty":"sh","ix":1,"ks":{"a":0,"k":{"i":[[-7.44,0],[0,0],[0,-7.45],[0,0],[7.45,0],[0,0],[0,7.45],[0,0]],"o":[[0,0],[7.44,0],[0,0],[0,7.44],[0,0],[-7.44,0],[0,0],[0,-7.45]],"v":[[-32.355,-92.69],[32.355,-92.69],[45.835,-79.21],[45.835,79.21],[32.355,92.69],[-32.355,92.69],[-45.835,79.21],[-45.835,-79.21]],"c":true},"ix":2},"nm":"Path 1","mn":"ADBE Vector Shape - Group","hd":false},{"ty":"mm","mm":4,"nm":"Merge Paths 1","mn":"ADBE Vector Filter - Merge","hd":false},{"ty":"fl","c":{"a":0,"k":[0.278431372549,0.247058838489,0.278431372549,1],"ix":4},"o":{"a":0,"k":100,"ix":5},"r":1,"bm":0,"nm":"Fill 1","mn":"ADBE Vector Graphic - Fill","hd":false},{"ty":"tr","p":{"a":0,"k":[47.965,95.34],"ix":2},"a":{"a":0,"k":[0,0],"ix":1},"s":{"a":0,"k":[100,100],"ix":3},"r":{"a":0,"k":0,"ix":6},"o":{"a":0,"k":100,"ix":7},"sk":{"a":0,"k":0,"ix":4},"sa":{"a":0,"k":0,"ix":5},"nm":"Transform"}],"nm":"Group 3","np":3,"cix":2,"bm":0,"ix":3,"mn":"ADBE Vector Group","hd":false},{"ty":"gr","it":[{"ind":0,"ty":"sh","ix":1,"ks":{"a":0,"k":{"i":[[-7.7,0],[0,0],[0,-7.7],[0,0],[7.7,0],[0,0],[0,7.7],[0,0]],"o":[[0,0],[7.7,0],[0,0],[0,7.7],[0,0],[-7.7,0],[0,0],[0,-7.7]],"v":[[-33.78,-95.245],[33.78,-95.245],[47.72,-81.305],[47.72,81.305],[33.78,95.245],[-33.78,95.245],[-47.72,81.305],[-47.72,-81.305]],"c":true},"ix":2},"nm":"Path 1","mn":"ADBE Vector Shape - Group","hd":false},{"ty":"mm","mm":4,"nm":"Merge Paths 1","mn":"ADBE Vector Filter - Merge","hd":false},{"ty":"fl","c":{"a":0,"k":[0.219607858097,0.384313755409,0.972549079446,1],"ix":4},"o":{"a":0,"k":100,"ix":5},"r":1,"bm":0,"nm":"Fill 1","mn":"ADBE Vector Graphic - Fill","hd":false},{"ty":"tr","p":{"a":0,"k":[47.97,95.495],"ix":2},"a":{"a":0,"k":[0,0],"ix":1},"s":{"a":0,"k":[100,100],"ix":3},"r":{"a":0,"k":0,"ix":6},"o":{"a":0,"k":100,"ix":7},"sk":{"a":0,"k":0,"ix":4},"sa":{"a":0,"k":0,"ix":5},"nm":"Transform"}],"nm":"Group 4","np":3,"cix":2,"bm":0,"ix":4,"mn":"ADBE Vector Group","hd":false}],"ip":0,"op":120,"st":0,"bm":0},{"ddd":0,"ind":16,"ty":4,"nm":"bg Outlines","sr":1,"ks":{"o":{"a":0,"k":60,"ix":11},"r":{"a":0,"k":0,"ix":10},"p":{"a":0,"k":[198.166,169.996,0],"ix":2},"a":{"a":0,"k":[173.167,152.996,0],"ix":1},"s":{"a":1,"k":[{"i":{"x":[0.833,0.833,0.833],"y":[1,1,1]},"o":{"x":[0.333,0.333,0.333],"y":[0,0,0]},"t":0,"s":[0,0,100]},{"i":{"x":[0.833,0.833,0.833],"y":[1,1,1]},"o":{"x":[0.167,0.167,0.167],"y":[0,0,0]},"t":6,"s":[110,110,100]},{"t":8,"s":[100,100,100]}],"ix":6}},"ao":0,"shapes":[{"ty":"gr","it":[{"ind":0,"ty":"sh","ix":1,"ks":{"a":0,"k":{"i":[[18.82,-0.73],[1.02,-0.07],[17.2,-10.88],[3.15,-2.54],[4.39,-11.01],[1.35,-6.01],[12.8,-10.19],[13.87,-15.97],[-0.03,-21.34],[-42.95,-13.32],[-52.99,7.2],[-18.26,13.32],[5.69,33.07],[1.38,17.24],[6.59,21.96],[35.78,6.76]],"o":[[-0.96,0],[-20.3,1.41],[-3.41,2.18],[-9.25,7.42],[-2.29,5.77],[-3.69,15.94],[-15.95,12.71],[-13.7,15.8],[0,53.14],[50.8,15.82],[22.45,-3.06],[27.42,-19.92],[-2.88,-16.78],[-1.79,-22.48],[-10.96,-36.43],[-18.25,-3.43]],"v":[[18.473,-152.923],[15.433,-152.753],[-41.707,-134.023],[-51.567,-126.943],[-73.507,-99.443],[-78.317,-81.593],[-100.727,-39.003],[-149.937,-5.963],[-173.167,49.417],[-84.327,134.337],[73.503,150.207],[136.953,127.937],[171.863,38.397],[162.523,-10.783],[157.923,-78.263],[73.114,-145.263]],"c":true},"ix":2},"nm":"Path 1","mn":"ADBE Vector Shape - Group","hd":false},{"ty":"mm","mm":4,"nm":"Merge Paths 1","mn":"ADBE Vector Filter - Merge","hd":false},{"ty":"fl","c":{"a":0,"k":[0.219607858097,0.384313755409,0.972549079446,1],"ix":4},"o":{"a":0,"k":100,"ix":5},"r":1,"bm":0,"nm":"Fill 1","mn":"ADBE Vector Graphic - Fill","hd":false},{"ty":"tr","p":{"a":0,"k":[173.167,152.996],"ix":2},"a":{"a":0,"k":[0,0],"ix":1},"s":{"a":0,"k":[100,100],"ix":3},"r":{"a":0,"k":0,"ix":6},"o":{"a":0,"k":100,"ix":7},"sk":{"a":0,"k":0,"ix":4},"sa":{"a":0,"k":0,"ix":5},"nm":"Transform"}],"nm":"Group 1","np":3,"cix":2,"bm":0,"ix":1,"mn":"ADBE Vector Group","hd":false}],"ip":0,"op":120,"st":0,"bm":0}],"markers":[]}